season,team,rating,nationalAverage
2004,USC,32.3,1.4616666666666667
2004,Oklahoma,28.8,1.4616666666666667
2004,Auburn,27.3,1.4616666666666667
2004,Miami,26.8,1.4616666666666667
2004,California,26.7,1.4616666666666667
2004,Texas,24.7,1.4616666666666667
2004,Louisville,24.0,1.4616666666666667
2004,Utah,23.6,1.4616666666666667
2004,Georgia,21.8,1.4616666666666667
2004,Arizona State,20.7,1.4616666666666667
2004,Florida State,20.2,1.4616666666666667
2004,Virginia,20.0,1.4616666666666667
2004,Iowa,20.0,1.4616666666666667
2004,Virginia Tech,19.9,1.4616666666666667
2004,Texas Tech,19.5,1.4616666666666667
2004,LSU,19.5,1.4616666666666667
2004,Boise State,19.3,1.4616666666666667
2004,Texas A&M,18.6,1.4616666666666667
2004,Purdue,18.3,1.4616666666666667
2004,Michigan,17.5,1.4616666666666667
2004,Oregon State,17.5,1.4616666666666667
2004,Ohio State,17.5,1.4616666666666667
2004,Florida,17.1,1.4616666666666667
2004,Tennessee,16.1,1.4616666666666667
2004,Arkansas,15.4,1.4616666666666667
2004,Fresno State,14.9,1.4616666666666667
2004,Oklahoma State,13.1,1.4616666666666667
2004,North Carolina,12.8,1.4616666666666667
2004,Notre Dame,12.6,1.4616666666666667
2004,Georgia Tech,12.4,1.4616666666666667
2004,Bowling Green,11.9,1.4616666666666667
2004,Minnesota,10.7,1.4616666666666667
2004,Wisconsin,10.5,1.4616666666666667
2004,UCLA,10.0,1.4616666666666667
2004,Kansas,9.8,1.4616666666666667
2004,Alabama,9.2,1.4616666666666667
2004,UTEP,9.0,1.4616666666666667
2004,Boston College,8.5,1.4616666666666667
2004,Stanford,8.2,1.4616666666666667
2004,West Virginia,8.1,1.4616666666666667
2004,NC State,8.1,1.4616666666666667
2004,Kansas State,7.9,1.4616666666666667
2004,BYU,7.8,1.4616666666666667
2004,Colorado,7.8,1.4616666666666667
2004,Penn State,7.4,1.4616666666666667
2004,Clemson,7.1,1.4616666666666667
2004,Cincinnati,7.1,1.4616666666666667
2004,South Carolina,6.4,1.4616666666666667
2004,Pittsburgh,6.4,1.4616666666666667
2004,New Mexico,5.4,1.4616666666666667
2004,Maryland,5.1,1.4616666666666667
2004,Michigan State,4.9,1.4616666666666667
2004,Troy,4.6,1.4616666666666667
2004,Syracuse,4.4,1.4616666666666667
2004,Northern Illinois,4.0,1.4616666666666667
2004,Northwestern,3.9,1.4616666666666667
2004,Iowa State,3.9,1.4616666666666667
2004,Oregon,3.7,1.4616666666666667
2004,Louisiana Tech,3.5,1.4616666666666667
2004,Arizona,3.1,1.4616666666666667
2004,Memphis,2.8,1.4616666666666667
2004,Nebraska,1.9,1.4616666666666667
2004,Marshall,1.2,1.4616666666666667
2004,Missouri,0.8,1.4616666666666667
2004,Toledo,0.3,1.4616666666666667
2004,Miami (OH),-0.3,1.4616666666666667
2004,Connecticut,-0.4,1.4616666666666667
2004,Southern Mississippi,-0.7,1.4616666666666667
2004,Wake Forest,-0.9,1.4616666666666667
2004,Air Force,-0.9,1.4616666666666667
2004,Washington State,-0.9,1.4616666666666667
2004,Colorado State,-0.9,1.4616666666666667
2004,Wyoming,-1.6,1.4616666666666667
2004,Ole Miss,-1.6,1.4616666666666667
2004,Hawai'i,-2.4,1.4616666666666667
2004,UAB,-3.2,1.4616666666666667
2004,Navy,-3.4,1.4616666666666667
2004,TCU,-3.9,1.4616666666666667
2004,San Diego State,-4.0,1.4616666666666667
2004,New Mexico State,-4.4,1.4616666666666667
2004,Mississippi State,-5.7,1.4616666666666667
2004,Vanderbilt,-6.2,1.4616666666666667
2004,Houston,-6.3,1.4616666666666667
2004,Rutgers,-6.7,1.4616666666666667
2004,Kentucky,-7.1,1.4616666666666667
2004,Indiana,-7.4,1.4616666666666667
2004,Duke,-7.6,1.4616666666666667
2004,Baylor,-8.0,1.4616666666666667
2004,South Florida,-9.7,1.4616666666666667
2004,Kent State,-10.0,1.4616666666666667
2004,Washington,-10.0,1.4616666666666667
2004,Akron,-11.1,1.4616666666666667
2004,Illinois,-11.3,1.4616666666666667
2004,Florida Atlantic,-11.7,1.4616666666666667
2004,Middle Tennessee,-12.0,1.4616666666666667
2004,North Texas,-12.0,1.4616666666666667
2004,Temple,-12.4,1.4616666666666667
2004,Rice,-13.0,1.4616666666666667
2004,Tulsa,-14.0,1.4616666666666667
2004,Tulane,-14.1,1.4616666666666667
2004,UNLV,-14.3,1.4616666666666667
2004,Ohio,-14.8,1.4616666666666667
2004,Army,-15.6,1.4616666666666667
2004,Louisiana,-15.9,1.4616666666666667
2004,SMU,-16.2,1.4616666666666667
2004,Louisiana Monroe,-17.2,1.4616666666666667
2004,Utah State,-17.8,1.4616666666666667
2004,Ball State,-18.7,1.4616666666666667
2004,East Carolina,-18.9,1.4616666666666667
2004,Nevada,-19.0,1.4616666666666667
2004,Arkansas State,-19.7,1.4616666666666667
2004,Eastern Michigan,-20.2,1.4616666666666667
2004,Western Michigan,-21.7,1.4616666666666667
2004,Central Michigan,-22.2,1.4616666666666667
2004,UCF,-22.2,1.4616666666666667
2004,San José State,-22.8,1.4616666666666667
2004,Buffalo,-27.6,1.4616666666666667
2004,Florida International,-27.8,1.4616666666666667
2005,Texas,35.3,1.2974576271186442
2005,USC,34.7,1.2974576271186442
2005,Ohio State,31.2,1.2974576271186442
2005,Penn State,29.3,1.2974576271186442
2005,Miami,26.0,1.2974576271186442
2005,Virginia Tech,25.5,1.2974576271186442
2005,Texas Tech,25.4,1.2974576271186442
2005,Georgia,22.3,1.2974576271186442
2005,Notre Dame,21.8,1.2974576271186442
2005,Iowa,20.9,1.2974576271186442
2005,Auburn,20.7,1.2974576271186442
2005,LSU,20.3,1.2974576271186442
2005,Louisville,20.3,1.2974576271186442
2005,Alabama,19.8,1.2974576271186442
2005,Boston College,19.2,1.2974576271186442
2005,Oklahoma,19.0,1.2974576271186442
2005,California,18.4,1.2974576271186442
2005,Michigan,18.1,1.2974576271186442
2005,Oregon,18.1,1.2974576271186442
2005,Minnesota,15.9,1.2974576271186442
2005,West Virginia,15.8,1.2974576271186442
2005,Iowa State,13.0,1.2974576271186442
2005,Washington State,13.0,1.2974576271186442
2005,Clemson,12.9,1.2974576271186442
2005,Michigan State,12.9,1.2974576271186442
2005,Arizona State,12.5,1.2974576271186442
2005,Tennessee,12.3,1.2974576271186442
2005,Purdue,11.8,1.2974576271186442
2005,Colorado,11.7,1.2974576271186442
2005,Wisconsin,11.1,1.2974576271186442
2005,Fresno State,10.6,1.2974576271186442
2005,Arkansas,10.6,1.2974576271186442
2005,TCU,10.5,1.2974576271186442
2005,Nebraska,10.3,1.2974576271186442
2005,NC State,9.4,1.2974576271186442
2005,Maryland,9.0,1.2974576271186442
2005,UCLA,8.7,1.2974576271186442
2005,Kansas,8.5,1.2974576271186442
2005,Northwestern,8.0,1.2974576271186442
2005,Toledo,7.6,1.2974576271186442
2005,Texas A&M,7.3,1.2974576271186442
2005,Utah,7.2,1.2974576271186442
2005,Georgia Tech,6.9,1.2974576271186442
2005,Pittsburgh,6.8,1.2974576271186442
2005,Florida,6.7,1.2974576271186442
2005,South Carolina,6.3,1.2974576271186442
2005,Kansas State,6.1,1.2974576271186442
2005,Northern Illinois,5.9,1.2974576271186442
2005,Missouri,5.7,1.2974576271186442
2005,Virginia,5.6,1.2974576271186442
2005,Florida State,5.4,1.2974576271186442
2005,Boise State,4.5,1.2974576271186442
2005,Rutgers,4.0,1.2974576271186442
2005,BYU,2.8,1.2974576271186442
2005,UTEP,2.4,1.2974576271186442
2005,South Florida,2.3,1.2974576271186442
2005,UAB,2.3,1.2974576271186442
2005,Washington,1.9,1.2974576271186442
2005,Tulsa,1.5,1.2974576271186442
2005,Oregon State,1.5,1.2974576271186442
2005,Arizona,1.5,1.2974576271186442
2005,Connecticut,1.4,1.2974576271186442
2005,Baylor,1.2,1.2974576271186442
2005,Oklahoma State,1.1,1.2974576271186442
2005,Southern Mississippi,1.1,1.2974576271186442
2005,Stanford,0.6,1.2974576271186442
2005,Miami (OH),0.3,1.2974576271186442
2005,New Mexico,0.2,1.2974576271186442
2005,Bowling Green,-0.9,1.2974576271186442
2005,Houston,-1.0,1.2974576271186442
2005,Navy,-2.1,1.2974576271186442
2005,San Diego State,-2.4,1.2974576271186442
2005,Colorado State,-2.9,1.2974576271186442
2005,Hawai'i,-2.9,1.2974576271186442
2005,Memphis,-3.4,1.2974576271186442
2005,Air Force,-3.4,1.2974576271186442
2005,North Carolina,-3.5,1.2974576271186442
2005,Vanderbilt,-3.8,1.2974576271186442
2005,Wake Forest,-3.9,1.2974576271186442
2005,Wyoming,-4.0,1.2974576271186442
2005,Ole Miss,-4.2,1.2974576271186442
2005,East Carolina,-4.6,1.2974576271186442
2005,Indiana,-4.7,1.2974576271186442
2005,Akron,-5.8,1.2974576271186442
2005,Louisiana Tech,-6.0,1.2974576271186442
2005,Nevada,-6.5,1.2974576271186442
2005,Mississippi State,-7.0,1.2974576271186442
2005,Central Michigan,-8.1,1.2974576271186442
2005,Illinois,-8.8,1.2974576271186442
2005,Marshall,-9.4,1.2974576271186442
2005,Cincinnati,-9.9,1.2974576271186442
2005,Syracuse,-10.7,1.2974576271186442
2005,UCF,-11.7,1.2974576271186442
2005,Kentucky,-12.5,1.2974576271186442
2005,SMU,-13.0,1.2974576271186442
2005,Western Michigan,-13.9,1.2974576271186442
2005,San José State,-14.7,1.2974576271186442
2005,UNLV,-15.3,1.2974576271186442
2005,Middle Tennessee,-15.3,1.2974576271186442
2005,Arkansas State,-15.6,1.2974576271186442
2005,Army,-16.3,1.2974576271186442
2005,Tulane,-17.1,1.2974576271186442
2005,Troy,-17.2,1.2974576271186442
2005,Louisiana,-17.7,1.2974576271186442
2005,Eastern Michigan,-18.5,1.2974576271186442
2005,Ball State,-18.5,1.2974576271186442
2005,Kent State,-19.0,1.2974576271186442
2005,Duke,-20.2,1.2974576271186442
2005,Ohio,-20.8,1.2974576271186442
2005,Rice,-21.6,1.2974576271186442
2005,Louisiana Monroe,-22.6,1.2974576271186442
2005,Florida International,-23.5,1.2974576271186442
2005,Utah State,-23.9,1.2974576271186442
2005,Florida Atlantic,-24.9,1.2974576271186442
2005,Buffalo,-28.6,1.2974576271186442
2005,Temple,-29.1,1.2974576271186442
2005,North Texas,-29.2,1.2974576271186442
2005,New Mexico State,-29.2,1.2974576271186442
2006,LSU,31.6,1.3260504201680672
2006,USC,30.3,1.3260504201680672
2006,Louisville,27.3,1.3260504201680672
2006,Ohio State,27.0,1.3260504201680672
2006,Florida,26.5,1.3260504201680672
2006,West Virginia,25.4,1.3260504201680672
2006,Oklahoma,23.5,1.3260504201680672
2006,Michigan,22.6,1.3260504201680672
2006,BYU,21.9,1.3260504201680672
2006,Texas,21.9,1.3260504201680672
2006,Virginia Tech,21.0,1.3260504201680672
2006,Arkansas,20.6,1.3260504201680672
2006,Auburn,19.4,1.3260504201680672
2006,Wisconsin,19.1,1.3260504201680672
2006,South Carolina,19.1,1.3260504201680672
2006,Tennessee,18.9,1.3260504201680672
2006,Boise State,18.7,1.3260504201680672
2006,Texas Tech,17.9,1.3260504201680672
2006,Georgia,17.8,1.3260504201680672
2006,California,17.6,1.3260504201680672
2006,TCU,17.3,1.3260504201680672
2006,Clemson,16.7,1.3260504201680672
2006,Boston College,14.8,1.3260504201680672
2006,Rutgers,14.8,1.3260504201680672
2006,Nebraska,14.7,1.3260504201680672
2006,Missouri,14.4,1.3260504201680672
2006,Pittsburgh,14.4,1.3260504201680672
2006,Miami,13.9,1.3260504201680672
2006,Oklahoma State,13.7,1.3260504201680672
2006,Georgia Tech,13.5,1.3260504201680672
2006,Iowa,13.4,1.3260504201680672
2006,Arizona State,13.3,1.3260504201680672
2006,Hawai'i,13.1,1.3260504201680672
2006,Penn State,12.7,1.3260504201680672
2006,Utah,12.0,1.3260504201680672
2006,Florida State,11.9,1.3260504201680672
2006,Notre Dame,11.5,1.3260504201680672
2006,Alabama,11.4,1.3260504201680672
2006,Oregon State,11.3,1.3260504201680672
2006,Oregon,11.2,1.3260504201680672
2006,South Florida,10.7,1.3260504201680672
2006,Texas A&M,10.1,1.3260504201680672
2006,UCLA,8.8,1.3260504201680672
2006,Cincinnati,7.9,1.3260504201680672
2006,Houston,7.6,1.3260504201680672
2006,Washington State,7.4,1.3260504201680672
2006,Kansas,6.9,1.3260504201680672
2006,Wake Forest,6.5,1.3260504201680672
2006,Kansas State,5.8,1.3260504201680672
2006,Virginia,4.6,1.3260504201680672
2006,Maryland,4.6,1.3260504201680672
2006,Purdue,4.4,1.3260504201680672
2006,Minnesota,3.8,1.3260504201680672
2006,Tulsa,2.1,1.3260504201680672
2006,Vanderbilt,1.9,1.3260504201680672
2006,Colorado,1.8,1.3260504201680672
2006,Kentucky,1.7,1.3260504201680672
2006,Nevada,0.9,1.3260504201680672
2006,Washington,0.3,1.3260504201680672
2006,Wyoming,0.3,1.3260504201680672
2006,NC State,0.2,1.3260504201680672
2006,Southern Mississippi,-0.3,1.3260504201680672
2006,New Mexico,-0.5,1.3260504201680672
2006,East Carolina,-0.9,1.3260504201680672
2006,Arizona,-1.0,1.3260504201680672
2006,Michigan State,-1.3,1.3260504201680672
2006,San José State,-1.8,1.3260504201680672
2006,Navy,-1.9,1.3260504201680672
2006,Northern Illinois,-2.5,1.3260504201680672
2006,Illinois,-2.8,1.3260504201680672
2006,Connecticut,-2.9,1.3260504201680672
2006,Ole Miss,-3.2,1.3260504201680672
2006,Syracuse,-3.6,1.3260504201680672
2006,Baylor,-3.6,1.3260504201680672
2006,Northwestern,-4.9,1.3260504201680672
2006,Colorado State,-5.4,1.3260504201680672
2006,Central Michigan,-6.1,1.3260504201680672
2006,Akron,-6.1,1.3260504201680672
2006,UTEP,-6.2,1.3260504201680672
2006,Kent State,-6.2,1.3260504201680672
2006,North Carolina,-6.2,1.3260504201680672
2006,Mississippi State,-6.7,1.3260504201680672
2006,Iowa State,-6.7,1.3260504201680672
2006,Western Michigan,-7.1,1.3260504201680672
2006,Ball State,-7.5,1.3260504201680672
2006,SMU,-7.7,1.3260504201680672
2006,Marshall,-7.9,1.3260504201680672
2006,Fresno State,-8.1,1.3260504201680672
2006,Air Force,-8.8,1.3260504201680672
2006,Ohio,-9.5,1.3260504201680672
2006,Toledo,-9.6,1.3260504201680672
2006,Indiana,-9.9,1.3260504201680672
2006,New Mexico State,-10.2,1.3260504201680672
2006,UCF,-10.3,1.3260504201680672
2006,Rice,-10.5,1.3260504201680672
2006,UAB,-11.3,1.3260504201680672
2006,Troy,-11.5,1.3260504201680672
2006,Miami (OH),-13.0,1.3260504201680672
2006,San Diego State,-13.2,1.3260504201680672
2006,Memphis,-13.2,1.3260504201680672
2006,Middle Tennessee,-13.5,1.3260504201680672
2006,Bowling Green,-14.1,1.3260504201680672
2006,Stanford,-14.1,1.3260504201680672
2006,UNLV,-14.5,1.3260504201680672
2006,Tulane,-15.0,1.3260504201680672
2006,Louisiana Monroe,-15.0,1.3260504201680672
2006,Louisiana,-19.3,1.3260504201680672
2006,Duke,-19.5,1.3260504201680672
2006,Florida Atlantic,-19.6,1.3260504201680672
2006,Arkansas State,-21.8,1.3260504201680672
2006,Eastern Michigan,-22.0,1.3260504201680672
2006,Louisiana Tech,-22.2,1.3260504201680672
2006,Army,-24.3,1.3260504201680672
2006,North Texas,-24.5,1.3260504201680672
2006,Florida International,-29.7,1.3260504201680672
2006,Buffalo,-30.3,1.3260504201680672
2006,Utah State,-32.1,1.3260504201680672
2006,Temple,-33.3,1.3260504201680672
2007,USC,32.0,1.3466666666666667
2007,Oklahoma,30.9,1.3466666666666667
2007,Ohio State,29.2,1.3466666666666667
2007,LSU,28.9,1.3466666666666667
2007,Florida,28.8,1.3466666666666667
2007,West Virginia,28.2,1.3466666666666667
2007,Texas,25.8,1.3466666666666667
2007,Kansas,24.9,1.3466666666666667
2007,Texas Tech,24.9,1.3466666666666667
2007,Georgia,23.6,1.3466666666666667
2007,Oregon,23.1,1.3466666666666667
2007,Missouri,21.4,1.3466666666666667
2007,Auburn,20.7,1.3466666666666667
2007,Tennessee,20.2,1.3466666666666667
2007,Penn State,20.2,1.3466666666666667
2007,Virginia Tech,19.3,1.3466666666666667
2007,Arkansas,18.0,1.3466666666666667
2007,Kansas State,17.5,1.3466666666666667
2007,Cincinnati,17.5,1.3466666666666667
2007,Boston College,16.7,1.3466666666666667
2007,California,16.6,1.3466666666666667
2007,Clemson,16.2,1.3466666666666667
2007,South Carolina,16.2,1.3466666666666667
2007,South Florida,15.8,1.3466666666666667
2007,BYU,15.4,1.3466666666666667
2007,Rutgers,14.3,1.3466666666666667
2007,Kentucky,13.4,1.3466666666666667
2007,Michigan,13.3,1.3466666666666667
2007,Oklahoma State,13.1,1.3466666666666667
2007,Boise State,13.1,1.3466666666666667
2007,Alabama,12.8,1.3466666666666667
2007,Illinois,12.7,1.3466666666666667
2007,Arizona State,12.6,1.3466666666666667
2007,Hawai'i,12.4,1.3466666666666667
2007,Purdue,12.4,1.3466666666666667
2007,Louisville,12.1,1.3466666666666667
2007,Utah,11.9,1.3466666666666667
2007,Oregon State,11.6,1.3466666666666667
2007,UCLA,11.2,1.3466666666666667
2007,Wisconsin,10.4,1.3466666666666667
2007,Nebraska,10.0,1.3466666666666667
2007,Michigan State,10.0,1.3466666666666667
2007,Florida State,9.6,1.3466666666666667
2007,Georgia Tech,8.7,1.3466666666666667
2007,Connecticut,8.5,1.3466666666666667
2007,Texas A&M,7.6,1.3466666666666667
2007,Pittsburgh,7.5,1.3466666666666667
2007,Virginia,7.5,1.3466666666666667
2007,Arizona,7.3,1.3466666666666667
2007,Iowa,6.5,1.3466666666666667
2007,Wake Forest,6.4,1.3466666666666667
2007,TCU,6.4,1.3466666666666667
2007,Maryland,5.9,1.3466666666666667
2007,Air Force,5.7,1.3466666666666667
2007,Washington,5.2,1.3466666666666667
2007,New Mexico,4.4,1.3466666666666667
2007,Colorado,4.2,1.3466666666666667
2007,UCF,3.5,1.3466666666666667
2007,Miami,3.2,1.3466666666666667
2007,Washington State,3.2,1.3466666666666667
2007,Vanderbilt,2.5,1.3466666666666667
2007,Mississippi State,2.0,1.3466666666666667
2007,North Carolina,1.9,1.3466666666666667
2007,Fresno State,1.8,1.3466666666666667
2007,Indiana,-0.2,1.3466666666666667
2007,Tulsa,-0.4,1.3466666666666667
2007,Southern Mississippi,-0.5,1.3466666666666667
2007,East Carolina,-0.7,1.3466666666666667
2007,NC State,-1.1,1.3466666666666667
2007,Northwestern,-2.4,1.3466666666666667
2007,Troy,-2.4,1.3466666666666667
2007,Ole Miss,-2.7,1.3466666666666667
2007,Bowling Green,-3.8,1.3466666666666667
2007,Nevada,-4.2,1.3466666666666667
2007,Ball State,-4.6,1.3466666666666667
2007,Houston,-4.7,1.3466666666666667
2007,Wyoming,-5.0,1.3466666666666667
2007,Stanford,-6.7,1.3466666666666667
2007,UTEP,-7.0,1.3466666666666667
2007,Minnesota,-7.6,1.3466666666666667
2007,Colorado State,-7.7,1.3466666666666667
2007,Marshall,-9.1,1.3466666666666667
2007,Iowa State,-9.1,1.3466666666666667
2007,Notre Dame,-9.7,1.3466666666666667
2007,Navy,-9.8,1.3466666666666667
2007,Central Michigan,-10.6,1.3466666666666667
2007,Ohio,-11.3,1.3466666666666667
2007,Syracuse,-11.7,1.3466666666666667
2007,Miami (OH),-11.8,1.3466666666666667
2007,Western Michigan,-12.1,1.3466666666666667
2007,Kent State,-12.4,1.3466666666666667
2007,Florida Atlantic,-12.5,1.3466666666666667
2007,San Diego State,-12.6,1.3466666666666667
2007,Toledo,-12.8,1.3466666666666667
2007,Memphis,-12.9,1.3466666666666667
2007,SMU,-13.4,1.3466666666666667
2007,UNLV,-13.5,1.3466666666666667
2007,Baylor,-13.6,1.3466666666666667
2007,Rice,-14.4,1.3466666666666667
2007,Louisiana Tech,-14.8,1.3466666666666667
2007,Tulane,-15.5,1.3466666666666667
2007,Arkansas State,-15.9,1.3466666666666667
2007,San José State,-16.0,1.3466666666666667
2007,Middle Tennessee,-16.1,1.3466666666666667
2007,Northern Illinois,-17.0,1.3466666666666667
2007,Akron,-17.6,1.3466666666666667
2007,New Mexico State,-18.7,1.3466666666666667
2007,Temple,-19.0,1.3466666666666667
2007,Buffalo,-20.1,1.3466666666666667
2007,Louisiana Monroe,-21.0,1.3466666666666667
2007,UAB,-21.7,1.3466666666666667
2007,Duke,-22.0,1.3466666666666667
2007,Louisiana,-22.3,1.3466666666666667
2007,Western Kentucky,-22.5,1.3466666666666667
2007,North Texas,-22.8,1.3466666666666667
2007,Eastern Michigan,-24.8,1.3466666666666667
2007,Utah State,-27.6,1.3466666666666667
2007,Army,-28.4,1.3466666666666667
2007,Florida International,-32.9,1.3466666666666667
2008,USC,37.0,1.8041666666666667
2008,Texas,36.0,1.8041666666666667
2008,Florida,34.7,1.8041666666666667
2008,Oklahoma,32.4,1.8041666666666667
2008,Penn State,29.5,1.8041666666666667
2008,Iowa,25.5,1.8041666666666667
2008,Missouri,24.0,1.8041666666666667
2008,Oklahoma State,23.4,1.8041666666666667
2008,Texas Tech,23.0,1.8041666666666667
2008,Alabama,23.0,1.8041666666666667
2008,Ohio State,22.7,1.8041666666666667
2008,Georgia,20.9,1.8041666666666667
2008,LSU,20.8,1.8041666666666667
2008,Boise State,19.8,1.8041666666666667
2008,Oregon,19.6,1.8041666666666667
2008,TCU,19.2,1.8041666666666667
2008,Nebraska,18.9,1.8041666666666667
2008,Florida State,18.7,1.8041666666666667
2008,Utah,18.2,1.8041666666666667
2008,California,18.0,1.8041666666666667
2008,Ole Miss,17.1,1.8041666666666667
2008,Arizona,16.3,1.8041666666666667
2008,Kansas,16.0,1.8041666666666667
2008,Ball State,14.3,1.8041666666666667
2008,Oregon State,14.2,1.8041666666666667
2008,Clemson,12.8,1.8041666666666667
2008,BYU,12.2,1.8041666666666667
2008,Tennessee,12.0,1.8041666666666667
2008,Boston College,11.0,1.8041666666666667
2008,Miami,10.9,1.8041666666666667
2008,Wisconsin,10.5,1.8041666666666667
2008,North Carolina,10.2,1.8041666666666667
2008,Pittsburgh,9.0,1.8041666666666667
2008,Illinois,8.9,1.8041666666666667
2008,Cincinnati,8.6,1.8041666666666667
2008,Georgia Tech,8.6,1.8041666666666667
2008,Virginia Tech,8.1,1.8041666666666667
2008,South Florida,8.0,1.8041666666666667
2008,South Carolina,7.8,1.8041666666666667
2008,Maryland,7.6,1.8041666666666667
2008,Northwestern,7.3,1.8041666666666667
2008,Tulsa,7.0,1.8041666666666667
2008,Notre Dame,6.8,1.8041666666666667
2008,Michigan State,6.6,1.8041666666666667
2008,Houston,6.4,1.8041666666666667
2008,Wake Forest,6.4,1.8041666666666667
2008,West Virginia,6.2,1.8041666666666667
2008,Kansas State,6.0,1.8041666666666667
2008,Troy,5.0,1.8041666666666667
2008,Connecticut,4.9,1.8041666666666667
2008,Rice,4.8,1.8041666666666667
2008,Arkansas,4.8,1.8041666666666667
2008,Baylor,4.0,1.8041666666666667
2008,Arizona State,3.4,1.8041666666666667
2008,Southern Mississippi,3.1,1.8041666666666667
2008,Minnesota,3.0,1.8041666666666667
2008,Purdue,2.4,1.8041666666666667
2008,Rutgers,2.4,1.8041666666666667
2008,Bowling Green,2.4,1.8041666666666667
2008,Stanford,2.2,1.8041666666666667
2008,NC State,1.8,1.8041666666666667
2008,Michigan,1.6,1.8041666666666667
2008,Auburn,1.4,1.8041666666666667
2008,East Carolina,1.3,1.8041666666666667
2008,Nevada,0.9,1.8041666666666667
2008,UCLA,-0.1,1.8041666666666667
2008,Virginia,-0.6,1.8041666666666667
2008,Air Force,-0.7,1.8041666666666667
2008,Northern Illinois,-1.6,1.8041666666666667
2008,Kentucky,-1.8,1.8041666666666667
2008,Vanderbilt,-2.0,1.8041666666666667
2008,New Mexico,-2.0,1.8041666666666667
2008,UTEP,-2.7,1.8041666666666667
2008,Colorado,-2.7,1.8041666666666667
2008,Iowa State,-2.8,1.8041666666666667
2008,Louisville,-3.0,1.8041666666666667
2008,Western Michigan,-3.1,1.8041666666666667
2008,Colorado State,-3.3,1.8041666666666667
2008,Memphis,-3.4,1.8041666666666667
2008,Navy,-3.5,1.8041666666666667
2008,Fresno State,-3.5,1.8041666666666667
2008,Marshall,-4.2,1.8041666666666667
2008,Central Michigan,-5.6,1.8041666666666667
2008,Texas A&M,-5.6,1.8041666666666667
2008,Akron,-6.7,1.8041666666666667
2008,Duke,-6.7,1.8041666666666667
2008,Hawai'i,-7.6,1.8041666666666667
2008,Indiana,-8.3,1.8041666666666667
2008,Florida Atlantic,-8.5,1.8041666666666667
2008,Kent State,-8.5,1.8041666666666667
2008,Mississippi State,-8.8,1.8041666666666667
2008,Ohio,-9.3,1.8041666666666667
2008,Temple,-9.4,1.8041666666666667
2008,Arkansas State,-9.5,1.8041666666666667
2008,Louisiana Tech,-9.7,1.8041666666666667
2008,UAB,-10.3,1.8041666666666667
2008,Louisiana,-11.1,1.8041666666666667
2008,Toledo,-11.4,1.8041666666666667
2008,UNLV,-12.4,1.8041666666666667
2008,San José State,-13.2,1.8041666666666667
2008,Buffalo,-14.4,1.8041666666666667
2008,Wyoming,-14.5,1.8041666666666667
2008,Syracuse,-14.6,1.8041666666666667
2008,Middle Tennessee,-15.0,1.8041666666666667
2008,Miami (OH),-15.8,1.8041666666666667
2008,UCF,-15.8,1.8041666666666667
2008,Florida International,-17.3,1.8041666666666667
2008,Tulane,-17.4,1.8041666666666667
2008,Washington State,-17.5,1.8041666666666667
2008,San Diego State,-17.9,1.8041666666666667
2008,SMU,-18.5,1.8041666666666667
2008,Utah State,-18.9,1.8041666666666667
2008,Army,-20.3,1.8041666666666667
2008,Washington,-21.3,1.8041666666666667
2008,New Mexico State,-21.7,1.8041666666666667
2008,Eastern Michigan,-22.0,1.8041666666666667
2008,Western Kentucky,-22.1,1.8041666666666667
2008,Louisiana Monroe,-26.7,1.8041666666666667
2008,North Texas,-30.9,1.8041666666666667
2009,Florida,32.8,1.375
2009,Alabama,30.2,1.375
2009,Texas,30.0,1.375
2009,Virginia Tech,27.8,1.375
2009,TCU,25.6,1.375
2009,Miami,25.0,1.375
2009,Texas Tech,24.6,1.375
2009,LSU,23.0,1.375
2009,Oregon,22.4,1.375
2009,Oklahoma,22.3,1.375
2009,Penn State,21.9,1.375
2009,Ohio State,21.0,1.375
2009,Boise State,19.9,1.375
2009,Nebraska,19.9,1.375
2009,Georgia,19.1,1.375
2009,Cincinnati,18.2,1.375
2009,Pittsburgh,17.9,1.375
2009,Auburn,17.4,1.375
2009,Iowa,17.3,1.375
2009,Wisconsin,16.9,1.375
2009,Ole Miss,16.7,1.375
2009,USC,16.6,1.375
2009,Clemson,16.4,1.375
2009,Tennessee,16.2,1.375
2009,Arkansas,16.0,1.375
2009,Utah,15.1,1.375
2009,Oklahoma State,14.0,1.375
2009,South Carolina,13.9,1.375
2009,West Virginia,13.8,1.375
2009,BYU,12.7,1.375
2009,Boston College,12.7,1.375
2009,Oregon State,12.6,1.375
2009,Missouri,11.8,1.375
2009,Notre Dame,11.0,1.375
2009,Stanford,10.7,1.375
2009,Georgia Tech,9.7,1.375
2009,Florida State,8.8,1.375
2009,Michigan State,8.7,1.375
2009,North Carolina,8.5,1.375
2009,Arizona State,8.2,1.375
2009,Michigan,8.2,1.375
2009,Kansas,8.0,1.375
2009,Texas A&M,7.6,1.375
2009,Arizona,7.1,1.375
2009,California,6.5,1.375
2009,Connecticut,5.4,1.375
2009,Purdue,5.1,1.375
2009,Kansas State,5.0,1.375
2009,Air Force,4.7,1.375
2009,Mississippi State,4.7,1.375
2009,UCLA,4.6,1.375
2009,Fresno State,4.1,1.375
2009,Houston,4.0,1.375
2009,Central Michigan,3.5,1.375
2009,Wake Forest,3.3,1.375
2009,Rutgers,3.1,1.375
2009,South Florida,2.8,1.375
2009,Southern Mississippi,2.4,1.375
2009,Kentucky,2.1,1.375
2009,Iowa State,1.0,1.375
2009,Virginia,0.7,1.375
2009,NC State,0.6,1.375
2009,Nevada,0.5,1.375
2009,Troy,0.5,1.375
2009,Minnesota,0.3,1.375
2009,Colorado,0.2,1.375
2009,Washington,-0.2,1.375
2009,Tulsa,-1.1,1.375
2009,Middle Tennessee,-2.1,1.375
2009,East Carolina,-2.3,1.375
2009,Syracuse,-2.8,1.375
2009,Navy,-2.9,1.375
2009,Bowling Green,-3.3,1.375
2009,Baylor,-3.6,1.375
2009,Louisiana Tech,-3.8,1.375
2009,Northwestern,-4.0,1.375
2009,Maryland,-4.1,1.375
2009,Colorado State,-4.5,1.375
2009,Northern Illinois,-4.6,1.375
2009,Temple,-4.9,1.375
2009,UCF,-5.4,1.375
2009,Louisville,-5.4,1.375
2009,Vanderbilt,-5.5,1.375
2009,Illinois,-5.7,1.375
2009,UTEP,-5.7,1.375
2009,Duke,-6.1,1.375
2009,Marshall,-6.1,1.375
2009,SMU,-6.1,1.375
2009,Indiana,-6.7,1.375
2009,UAB,-6.8,1.375
2009,Toledo,-7.4,1.375
2009,Ohio,-8.6,1.375
2009,Hawai'i,-8.8,1.375
2009,San Diego State,-11.0,1.375
2009,UNLV,-11.5,1.375
2009,Buffalo,-11.6,1.375
2009,Kent State,-11.9,1.375
2009,Western Michigan,-12.0,1.375
2009,Utah State,-12.7,1.375
2009,Memphis,-14.4,1.375
2009,Wyoming,-14.4,1.375
2009,North Texas,-15.1,1.375
2009,Louisiana Monroe,-15.6,1.375
2009,Florida Atlantic,-17.3,1.375
2009,Ball State,-17.3,1.375
2009,Akron,-17.8,1.375
2009,Arkansas State,-18.2,1.375
2009,Miami (OH),-18.9,1.375
2009,New Mexico,-19.1,1.375
2009,Army,-21.7,1.375
2009,Washington State,-22.2,1.375
2009,Tulane,-22.2,1.375
2009,Louisiana,-23.8,1.375
2009,San José State,-25.2,1.375
2009,Rice,-26.0,1.375
2009,Western Kentucky,-27.8,1.375
2009,New Mexico State,-28.5,1.375
2009,Florida International,-30.3,1.375
2009,Eastern Michigan,-32.7,1.375
2010,Alabama,30.1,0.9558333333333333
2010,Ohio State,30.0,0.9558333333333333
2010,Oregon,28.2,0.9558333333333333
2010,Stanford,28.1,0.9558333333333333
2010,Arkansas,27.1,0.9558333333333333
2010,Auburn,26.5,0.9558333333333333
2010,Boise State,26.4,0.9558333333333333
2010,Oklahoma State,25.9,0.9558333333333333
2010,TCU,25.2,0.9558333333333333
2010,Oklahoma,23.5,0.9558333333333333
2010,Wisconsin,23.1,0.9558333333333333
2010,Georgia,22.2,0.9558333333333333
2010,Miami,21.6,0.9558333333333333
2010,Virginia Tech,21.2,0.9558333333333333
2010,LSU,20.4,0.9558333333333333
2010,South Carolina,20.3,0.9558333333333333
2010,Florida State,19.7,0.9558333333333333
2010,Missouri,19.3,0.9558333333333333
2010,Nebraska,18.8,0.9558333333333333
2010,Iowa,17.0,0.9558333333333333
2010,Notre Dame,16.5,0.9558333333333333
2010,West Virginia,16.2,0.9558333333333333
2010,USC,15.2,0.9558333333333333
2010,Arizona,14.8,0.9558333333333333
2010,Arizona State,14.6,0.9558333333333333
2010,Florida,14.0,0.9558333333333333
2010,Michigan State,13.8,0.9558333333333333
2010,Texas A&M,13.8,0.9558333333333333
2010,Hawai'i,12.8,0.9558333333333333
2010,Utah,12.2,0.9558333333333333
2010,Maryland,11.9,0.9558333333333333
2010,Pittsburgh,11.3,0.9558333333333333
2010,Louisville,10.9,0.9558333333333333
2010,Nevada,10.8,0.9558333333333333
2010,Mississippi State,10.6,0.9558333333333333
2010,Texas,10.6,0.9558333333333333
2010,Clemson,10.1,0.9558333333333333
2010,California,10.0,0.9558333333333333
2010,NC State,9.3,0.9558333333333333
2010,San Diego State,8.9,0.9558333333333333
2010,Kansas State,8.6,0.9558333333333333
2010,Illinois,8.6,0.9558333333333333
2010,North Carolina,7.7,0.9558333333333333
2010,Michigan,7.7,0.9558333333333333
2010,Tennessee,7.7,0.9558333333333333
2010,Northern Illinois,7.6,0.9558333333333333
2010,Texas Tech,7.4,0.9558333333333333
2010,Boston College,7.1,0.9558333333333333
2010,Penn State,6.6,0.9558333333333333
2010,Kentucky,6.0,0.9558333333333333
2010,Southern Mississippi,5.6,0.9558333333333333
2010,Syracuse,5.3,0.9558333333333333
2010,UCF,5.1,0.9558333333333333
2010,Baylor,4.6,0.9558333333333333
2010,Oregon State,4.6,0.9558333333333333
2010,Air Force,3.9,0.9558333333333333
2010,UCLA,3.9,0.9558333333333333
2010,Fresno State,3.7,0.9558333333333333
2010,BYU,3.3,0.9558333333333333
2010,Washington,3.2,0.9558333333333333
2010,Georgia Tech,2.9,0.9558333333333333
2010,Ole Miss,2.8,0.9558333333333333
2010,Cincinnati,2.5,0.9558333333333333
2010,South Florida,0.4,0.9558333333333333
2010,Tulsa,0.4,0.9558333333333333
2010,Northwestern,-1.1,0.9558333333333333
2010,Colorado,-1.9,0.9558333333333333
2010,Virginia,-2.1,0.9558333333333333
2010,SMU,-3.2,0.9558333333333333
2010,Connecticut,-3.6,0.9558333333333333
2010,Navy,-4.2,0.9558333333333333
2010,Troy,-4.4,0.9558333333333333
2010,Western Michigan,-4.5,0.9558333333333333
2010,Houston,-4.7,0.9558333333333333
2010,Temple,-5.2,0.9558333333333333
2010,Indiana,-5.3,0.9558333333333333
2010,East Carolina,-5.3,0.9558333333333333
2010,Toledo,-5.5,0.9558333333333333
2010,Iowa State,-5.7,0.9558333333333333
2010,Purdue,-6.5,0.9558333333333333
2010,Ohio,-6.6,0.9558333333333333
2010,Miami (OH),-6.7,0.9558333333333333
2010,Louisiana Tech,-7.4,0.9558333333333333
2010,Washington State,-7.4,0.9558333333333333
2010,Kent State,-7.6,0.9558333333333333
2010,Duke,-9.6,0.9558333333333333
2010,UAB,-9.7,0.9558333333333333
2010,Vanderbilt,-10.0,0.9558333333333333
2010,Minnesota,-10.4,0.9558333333333333
2010,UTEP,-11.2,0.9558333333333333
2010,Rutgers,-11.7,0.9558333333333333
2010,Wake Forest,-12.1,0.9558333333333333
2010,Florida International,-12.3,0.9558333333333333
2010,Middle Tennessee,-12.5,0.9558333333333333
2010,Wyoming,-13.0,0.9558333333333333
2010,Marshall,-14.1,0.9558333333333333
2010,Army,-14.6,0.9558333333333333
2010,Central Michigan,-14.7,0.9558333333333333
2010,Ball State,-15.6,0.9558333333333333
2010,North Texas,-15.6,0.9558333333333333
2010,Arkansas State,-15.9,0.9558333333333333
2010,Rice,-16.6,0.9558333333333333
2010,Colorado State,-16.8,0.9558333333333333
2010,Kansas,-17.0,0.9558333333333333
2010,San José State,-17.1,0.9558333333333333
2010,Utah State,-19.2,0.9558333333333333
2010,Tulane,-21.1,0.9558333333333333
2010,Florida Atlantic,-22.8,0.9558333333333333
2010,Bowling Green,-23.5,0.9558333333333333
2010,UNLV,-24.0,0.9558333333333333
2010,Louisiana Monroe,-24.1,0.9558333333333333
2010,New Mexico,-24.8,0.9558333333333333
2010,Memphis,-25.0,0.9558333333333333
2010,Buffalo,-27.0,0.9558333333333333
2010,Western Kentucky,-27.6,0.9558333333333333
2010,Louisiana,-28.2,0.9558333333333333
2010,Akron,-28.2,0.9558333333333333
2010,Eastern Michigan,-29.2,0.9558333333333333
2010,New Mexico State,-29.4,0.9558333333333333
2011,Alabama,32.5,1.3458333333333332
2011,LSU,31.9,1.3458333333333332
2011,Oklahoma,30.1,1.3458333333333332
2011,Oklahoma State,29.4,1.3458333333333332
2011,Oregon,27.2,1.3458333333333332
2011,Wisconsin,26.1,1.3458333333333332
2011,USC,24.7,1.3458333333333332
2011,Boise State,23.0,1.3458333333333332
2011,Georgia,22.9,1.3458333333333332
2011,Florida State,22.8,1.3458333333333332
2011,Texas A&M,22.7,1.3458333333333332
2011,Arkansas,21.6,1.3458333333333332
2011,Michigan State,20.2,1.3458333333333332
2011,Stanford,20.0,1.3458333333333332
2011,Michigan,20.0,1.3458333333333332
2011,South Carolina,18.6,1.3458333333333332
2011,Texas,18.6,1.3458333333333332
2011,Notre Dame,17.2,1.3458333333333332
2011,West Virginia,16.8,1.3458333333333332
2011,Miami,16.4,1.3458333333333332
2011,TCU,15.7,1.3458333333333332
2011,Virginia Tech,15.4,1.3458333333333332
2011,Missouri,15.0,1.3458333333333332
2011,Florida,14.7,1.3458333333333332
2011,Nebraska,14.5,1.3458333333333332
2011,Houston,14.2,1.3458333333333332
2011,Ohio State,13.2,1.3458333333333332
2011,Iowa,12.8,1.3458333333333332
2011,Cincinnati,12.8,1.3458333333333332
2011,California,12.2,1.3458333333333332
2011,Southern Mississippi,12.2,1.3458333333333332
2011,Penn State,11.5,1.3458333333333332
2011,Baylor,10.9,1.3458333333333332
2011,Arizona State,9.9,1.3458333333333332
2011,South Florida,9.7,1.3458333333333332
2011,Auburn,9.0,1.3458333333333332
2011,Vanderbilt,8.1,1.3458333333333332
2011,Mississippi State,8.0,1.3458333333333332
2011,Clemson,7.8,1.3458333333333332
2011,Kansas State,7.6,1.3458333333333332
2011,Louisville,7.2,1.3458333333333332
2011,Tennessee,6.9,1.3458333333333332
2011,BYU,6.9,1.3458333333333332
2011,Illinois,6.8,1.3458333333333332
2011,Utah,6.4,1.3458333333333332
2011,North Carolina,6.4,1.3458333333333332
2011,Toledo,6.2,1.3458333333333332
2011,Pittsburgh,5.6,1.3458333333333332
2011,UCF,5.1,1.3458333333333332
2011,Georgia Tech,5.1,1.3458333333333332
2011,Texas Tech,4.8,1.3458333333333332
2011,Temple,4.6,1.3458333333333332
2011,Washington,3.9,1.3458333333333332
2011,Virginia,3.7,1.3458333333333332
2011,UCLA,3.5,1.3458333333333332
2011,Purdue,3.1,1.3458333333333332
2011,Tulsa,2.5,1.3458333333333332
2011,Northern Illinois,2.2,1.3458333333333332
2011,Louisiana Tech,1.9,1.3458333333333332
2011,Ohio,0.9,1.3458333333333332
2011,Rutgers,0.8,1.3458333333333332
2011,Northwestern,0.6,1.3458333333333332
2011,SMU,0.3,1.3458333333333332
2011,Western Michigan,-0.3,1.3458333333333332
2011,Iowa State,-0.4,1.3458333333333332
2011,Nevada,-0.4,1.3458333333333332
2011,Air Force,-0.7,1.3458333333333332
2011,Utah State,-0.9,1.3458333333333332
2011,Connecticut,-1.0,1.3458333333333332
2011,NC State,-1.1,1.3458333333333332
2011,San Diego State,-1.5,1.3458333333333332
2011,Washington State,-1.7,1.3458333333333332
2011,Bowling Green,-2.0,1.3458333333333332
2011,Hawai'i,-2.1,1.3458333333333332
2011,Arizona,-2.4,1.3458333333333332
2011,Syracuse,-2.9,1.3458333333333332
2011,East Carolina,-3.0,1.3458333333333332
2011,Arkansas State,-3.3,1.3458333333333332
2011,Wake Forest,-3.5,1.3458333333333332
2011,Minnesota,-3.8,1.3458333333333332
2011,UTEP,-4.1,1.3458333333333332
2011,Boston College,-4.5,1.3458333333333332
2011,Kentucky,-5.0,1.3458333333333332
2011,Oregon State,-5.2,1.3458333333333332
2011,Miami (OH),-5.3,1.3458333333333332
2011,Fresno State,-6.0,1.3458333333333332
2011,Marshall,-8.0,1.3458333333333332
2011,Maryland,-8.0,1.3458333333333332
2011,Florida International,-8.5,1.3458333333333332
2011,Colorado,-8.8,1.3458333333333332
2011,Navy,-9.4,1.3458333333333332
2011,Ole Miss,-9.7,1.3458333333333332
2011,Louisiana,-9.8,1.3458333333333332
2011,Kent State,-10.4,1.3458333333333332
2011,San José State,-11.9,1.3458333333333332
2011,Rice,-12.0,1.3458333333333332
2011,Colorado State,-12.6,1.3458333333333332
2011,Duke,-13.3,1.3458333333333332
2011,Ball State,-13.6,1.3458333333333332
2011,Wyoming,-14.2,1.3458333333333332
2011,Kansas,-15.0,1.3458333333333332
2011,Eastern Michigan,-15.3,1.3458333333333332
2011,Louisiana Monroe,-15.7,1.3458333333333332
2011,Western Kentucky,-16.1,1.3458333333333332
2011,Indiana,-16.9,1.3458333333333332
2011,North Texas,-18.1,1.3458333333333332
2011,Troy,-18.5,1.3458333333333332
2011,New Mexico State,-18.7,1.3458333333333332
2011,Central Michigan,-18.9,1.3458333333333332
2011,UAB,-19.2,1.3458333333333332
2011,Buffalo,-19.5,1.3458333333333332
2011,Army,-20.9,1.3458333333333332
2011,Tulane,-21.9,1.3458333333333332
2011,UNLV,-24.1,1.3458333333333332
2011,Middle Tennessee,-24.6,1.3458333333333332
2011,Memphis,-25.9,1.3458333333333332
2011,New Mexico,-27.9,1.3458333333333332
2011,Akron,-29.1,1.3458333333333332
2011,Florida Atlantic,-30.7,1.3458333333333332
2012,Alabama,36.5,1.4838709677419355
2012,Florida State,30.8,1.4838709677419355
2012,Texas A&M,28.8,1.4838709677419355
2012,Oklahoma,28.5,1.4838709677419355
2012,Georgia,28.0,1.4838709677419355
2012,Florida,28.0,1.4838709677419355
2012,Oregon,27.2,1.4838709677419355
2012,Oklahoma State,24.0,1.4838709677419355
2012,Ohio State,23.8,1.4838709677419355
2012,LSU,23.7,1.4838709677419355
2012,Kansas State,22.7,1.4838709677419355
2012,USC,21.9,1.4838709677419355
2012,Michigan,20.5,1.4838709677419355
2012,Nebraska,20.3,1.4838709677419355
2012,Notre Dame,19.2,1.4838709677419355
2012,Texas,18.6,1.4838709677419355
2012,Clemson,18.5,1.4838709677419355
2012,Texas Tech,17.0,1.4838709677419355
2012,Arizona State,16.6,1.4838709677419355
2012,Oregon State,16.4,1.4838709677419355
2012,South Carolina,16.1,1.4838709677419355
2012,Stanford,15.3,1.4838709677419355
2012,Tennessee,15.1,1.4838709677419355
2012,UCLA,14.8,1.4838709677419355
2012,Wisconsin,14.5,1.4838709677419355
2012,Ole Miss,14.2,1.4838709677419355
2012,Penn State,14.1,1.4838709677419355
2012,North Carolina,14.1,1.4838709677419355
2012,Boise State,13.4,1.4838709677419355
2012,TCU,12.9,1.4838709677419355
2012,Virginia Tech,12.7,1.4838709677419355
2012,Fresno State,12.5,1.4838709677419355
2012,Michigan State,12.4,1.4838709677419355
2012,Northern Illinois,12.4,1.4838709677419355
2012,Arkansas,11.6,1.4838709677419355
2012,Cincinnati,11.1,1.4838709677419355
2012,Utah State,11.0,1.4838709677419355
2012,Baylor,11.0,1.4838709677419355
2012,BYU,10.9,1.4838709677419355
2012,Louisville,10.5,1.4838709677419355
2012,Vanderbilt,10.0,1.4838709677419355
2012,San José State,9.7,1.4838709677419355
2012,Miami,8.2,1.4838709677419355
2012,Arizona,8.2,1.4838709677419355
2012,West Virginia,8.1,1.4838709677419355
2012,Mississippi State,8.1,1.4838709677419355
2012,Northwestern,7.2,1.4838709677419355
2012,UCF,6.3,1.4838709677419355
2012,Washington,6.1,1.4838709677419355
2012,Georgia Tech,6.0,1.4838709677419355
2012,Syracuse,5.8,1.4838709677419355
2012,Pittsburgh,5.7,1.4838709677419355
2012,NC State,5.4,1.4838709677419355
2012,California,5.3,1.4838709677419355
2012,Auburn,4.8,1.4838709677419355
2012,Iowa State,4.4,1.4838709677419355
2012,Missouri,3.9,1.4838709677419355
2012,Utah,3.8,1.4838709677419355
2012,Tulsa,2.6,1.4838709677419355
2012,San Diego State,2.4,1.4838709677419355
2012,Arkansas State,1.2,1.4838709677419355
2012,Iowa,0.5,1.4838709677419355
2012,Louisiana Tech,0.2,1.4838709677419355
2012,Louisiana,0.0,1.4838709677419355
2012,Rutgers,0.0,1.4838709677419355
2012,Kent State,-0.1,1.4838709677419355
2012,Virginia,-0.3,1.4838709677419355
2012,Connecticut,-0.7,1.4838709677419355
2012,Minnesota,-0.9,1.4838709677419355
2012,Purdue,-1.0,1.4838709677419355
2012,Marshall,-1.4,1.4838709677419355
2012,Nevada,-2.0,1.4838709677419355
2012,Ball State,-2.6,1.4838709677419355
2012,Boston College,-2.8,1.4838709677419355
2012,South Florida,-3.2,1.4838709677419355
2012,Troy,-3.5,1.4838709677419355
2012,Toledo,-4.0,1.4838709677419355
2012,Bowling Green,-4.0,1.4838709677419355
2012,Washington State,-4.4,1.4838709677419355
2012,Indiana,-4.6,1.4838709677419355
2012,Western Kentucky,-4.7,1.4838709677419355
2012,East Carolina,-5.5,1.4838709677419355
2012,Houston,-5.6,1.4838709677419355
2012,Duke,-7.1,1.4838709677419355
2012,Middle Tennessee,-7.5,1.4838709677419355
2012,SMU,-7.6,1.4838709677419355
2012,Rice,-7.6,1.4838709677419355
2012,Maryland,-7.8,1.4838709677419355
2012,Ohio,-8.0,1.4838709677419355
2012,Navy,-8.1,1.4838709677419355
2012,Kentucky,-8.7,1.4838709677419355
2012,Colorado State,-9.7,1.4838709677419355
2012,Western Michigan,-9.8,1.4838709677419355
2012,Illinois,-9.8,1.4838709677419355
2012,Air Force,-10.0,1.4838709677419355
2012,Memphis,-10.0,1.4838709677419355
2012,UAB,-11.1,1.4838709677419355
2012,Temple,-11.6,1.4838709677419355
2012,Central Michigan,-11.6,1.4838709677419355
2012,Wake Forest,-11.9,1.4838709677419355
2012,Louisiana Monroe,-12.0,1.4838709677419355
2012,Kansas,-12.6,1.4838709677419355
2012,Florida International,-12.7,1.4838709677419355
2012,Texas State,-12.9,1.4838709677419355
2012,New Mexico,-13.4,1.4838709677419355
2012,Wyoming,-14.2,1.4838709677419355
2012,North Texas,-14.4,1.4838709677419355
2012,UTEP,-16.1,1.4838709677419355
2012,Miami (OH),-16.2,1.4838709677419355
2012,Buffalo,-16.3,1.4838709677419355
2012,UNLV,-16.7,1.4838709677419355
2012,Colorado,-17.2,1.4838709677419355
2012,Florida Atlantic,-17.9,1.4838709677419355
2012,Southern Mississippi,-18.6,1.4838709677419355
2012,Hawai'i,-19.1,1.4838709677419355
2012,Akron,-19.5,1.4838709677419355
2012,UT San Antonio,-20.1,1.4838709677419355
2012,Tulane,-22.5,1.4838709677419355
2012,Eastern Michigan,-23.0,1.4838709677419355
2012,Army,-23.1,1.4838709677419355
2012,South Alabama,-25.5,1.4838709677419355
2012,New Mexico State,-33.3,1.4838709677419355
2012,UMass,-34.4,1.4838709677419355
2013,Florida State,38.5,0.9616
2013,Alabama,34.1,0.9616
2013,LSU,28.7,0.9616
2013,Oregon,28.7,0.9616
2013,Ohio State,28.4,0.9616
2013,Auburn,25.2,0.9616
2013,Georgia,25.1,0.9616
2013,Clemson,24.5,0.9616
2013,Louisville,24.2,0.9616
2013,USC,22.5,0.9616
2013,Wisconsin,22.4,0.9616
2013,Oklahoma State,21.8,0.9616
2013,Stanford,21.7,0.9616
2013,Kansas State,21.7,0.9616
2013,Washington,20.5,0.9616
2013,Texas A&M,20.4,0.9616
2013,Baylor,20.4,0.9616
2013,UCLA,20.0,0.9616
2013,South Carolina,19.8,0.9616
2013,Michigan State,19.7,0.9616
2013,Oklahoma,19.6,0.9616
2013,Missouri,19.3,0.9616
2013,Arizona State,17.5,0.9616
2013,Iowa,17.3,0.9616
2013,Miami,16.9,0.9616
2013,Virginia Tech,14.9,0.9616
2013,Arizona,14.6,0.9616
2013,Texas Tech,14.0,0.9616
2013,North Carolina,13.7,0.9616
2013,Notre Dame,13.2,0.9616
2013,Ole Miss,12.4,0.9616
2013,TCU,12.4,0.9616
2013,UCF,12.3,0.9616
2013,Oregon State,11.9,0.9616
2013,Utah,11.8,0.9616
2013,Nebraska,11.6,0.9616
2013,Georgia Tech,11.4,0.9616
2013,Boise State,11.3,0.9616
2013,Michigan,11.1,0.9616
2013,Maryland,10.8,0.9616
2013,Mississippi State,10.7,0.9616
2013,Texas,10.5,0.9616
2013,BYU,10.0,0.9616
2013,Bowling Green,9.8,0.9616
2013,Pittsburgh,9.4,0.9616
2013,Florida,9.0,0.9616
2013,Penn State,8.9,0.9616
2013,Fresno State,8.8,0.9616
2013,Marshall,8.3,0.9616
2013,Washington State,8.2,0.9616
2013,Cincinnati,7.8,0.9616
2013,East Carolina,7.5,0.9616
2013,Vanderbilt,7.5,0.9616
2013,Ball State,7.5,0.9616
2013,Boston College,7.1,0.9616
2013,Northern Illinois,6.3,0.9616
2013,Tennessee,5.1,0.9616
2013,Duke,5.0,0.9616
2013,Houston,4.9,0.9616
2013,Toledo,4.7,0.9616
2013,Northwestern,4.2,0.9616
2013,Utah State,4.2,0.9616
2013,Colorado State,3.0,0.9616
2013,Minnesota,2.5,0.9616
2013,Arkansas,1.5,0.9616
2013,Indiana,1.4,0.9616
2013,North Texas,1.0,0.9616
2013,Syracuse,0.0,0.9616
2013,Navy,-0.3,0.9616
2013,NC State,-0.5,0.9616
2013,Colorado,-0.7,0.9616
2013,West Virginia,-0.9,0.9616
2013,Rice,-1.5,0.9616
2013,Kentucky,-2.5,0.9616
2013,Wake Forest,-2.8,0.9616
2013,Western Kentucky,-3.1,0.9616
2013,Memphis,-3.2,0.9616
2013,Iowa State,-3.8,0.9616
2013,Illinois,-4.0,0.9616
2013,San Diego State,-4.8,0.9616
2013,San José State,-5.1,0.9616
2013,Virginia,-5.2,0.9616
2013,UT San Antonio,-6.6,0.9616
2013,Florida Atlantic,-6.6,0.9616
2013,Tulane,-8.0,0.9616
2013,Rutgers,-8.1,0.9616
2013,California,-8.7,0.9616
2013,Buffalo,-9.0,0.9616
2013,Kansas,-9.7,0.9616
2013,UNLV,-10.1,0.9616
2013,South Alabama,-10.2,0.9616
2013,Temple,-10.7,0.9616
2013,Ohio,-11.4,0.9616
2013,Middle Tennessee,-11.8,0.9616
2013,Louisiana,-12.5,0.9616
2013,Connecticut,-13.2,0.9616
2013,Texas State,-13.7,0.9616
2013,Kent State,-13.8,0.9616
2013,Hawai'i,-14.3,0.9616
2013,Troy,-14.5,0.9616
2013,New Mexico,-14.9,0.9616
2013,SMU,-15.2,0.9616
2013,Wyoming,-15.3,0.9616
2013,Akron,-15.3,0.9616
2013,South Florida,-15.5,0.9616
2013,Purdue,-15.7,0.9616
2013,Arkansas State,-16.2,0.9616
2013,Louisiana Tech,-16.8,0.9616
2013,Nevada,-16.8,0.9616
2013,Air Force,-16.9,0.9616
2013,Tulsa,-18.7,0.9616
2013,Central Michigan,-18.8,0.9616
2013,UAB,-20.8,0.9616
2013,Southern Mississippi,-24.5,0.9616
2013,Army,-24.6,0.9616
2013,Western Michigan,-25.5,0.9616
2013,Louisiana Monroe,-26.2,0.9616
2013,UTEP,-28.9,0.9616
2013,Miami (OH),-29.0,0.9616
2013,Georgia State,-32.6,0.9616
2013,New Mexico State,-35.1,0.9616
2013,Eastern Michigan,-35.7,0.9616
2013,UMass,-36.1,0.9616
2013,Florida International,-38.9,0.9616
2014,Alabama,34.3,2.1671875
2014,Florida State,28.5,2.1671875
2014,Georgia,27.6,2.1671875
2014,Ohio State,25.8,2.1671875
2014,Oregon,24.7,2.1671875
2014,Auburn,24.2,2.1671875
2014,Michigan State,24.1,2.1671875
2014,Baylor,23.9,2.1671875
2014,TCU,23.3,2.1671875
2014,Mississippi State,22.2,2.1671875
2014,LSU,21.5,2.1671875
2014,Stanford,21.4,2.1671875
2014,Wisconsin,20.8,2.1671875
2014,Ole Miss,20.7,2.1671875
2014,Texas A&M,20.2,2.1671875
2014,Missouri,19.3,2.1671875
2014,Oklahoma,19.2,2.1671875
2014,Clemson,18.1,2.1671875
2014,UCLA,17.7,2.1671875
2014,South Carolina,17.4,2.1671875
2014,Florida,17.3,2.1671875
2014,USC,17.1,2.1671875
2014,Louisville,17.0,2.1671875
2014,Marshall,16.8,2.1671875
2014,Kansas State,16.3,2.1671875
2014,Pittsburgh,14.1,2.1671875
2014,Miami,13.9,2.1671875
2014,Arizona State,13.5,2.1671875
2014,Nebraska,13.1,2.1671875
2014,Arkansas,12.2,2.1671875
2014,Tennessee,12.2,2.1671875
2014,Boise State,11.6,2.1671875
2014,Georgia Tech,11.2,2.1671875
2014,Notre Dame,10.8,2.1671875
2014,BYU,10.2,2.1671875
2014,Penn State,9.2,2.1671875
2014,Texas,9.0,2.1671875
2014,Utah,8.8,2.1671875
2014,Oklahoma State,8.6,2.1671875
2014,East Carolina,8.5,2.1671875
2014,West Virginia,8.4,2.1671875
2014,Michigan,8.2,2.1671875
2014,NC State,8.1,2.1671875
2014,Washington,7.8,2.1671875
2014,Virginia Tech,7.8,2.1671875
2014,Arizona,7.6,2.1671875
2014,Duke,7.0,2.1671875
2014,Cincinnati,6.9,2.1671875
2014,Minnesota,6.8,2.1671875
2014,Iowa,6.8,2.1671875
2014,Kentucky,6.6,2.1671875
2014,Utah State,6.0,2.1671875
2014,Maryland,5.7,2.1671875
2014,UCF,5.7,2.1671875
2014,Memphis,5.6,2.1671875
2014,Houston,5.4,2.1671875
2014,Texas Tech,4.9,2.1671875
2014,Boston College,4.9,2.1671875
2014,Colorado State,4.5,2.1671875
2014,Virginia,4.0,2.1671875
2014,Navy,3.4,2.1671875
2014,Oregon State,3.2,2.1671875
2014,Toledo,2.3,2.1671875
2014,Louisiana,2.2,2.1671875
2014,Indiana,1.8,2.1671875
2014,Northwestern,1.5,2.1671875
2014,San Diego State,1.0,2.1671875
2014,Illinois,0.4,2.1671875
2014,North Carolina,0.0,2.1671875
2014,Arkansas State,-0.3,2.1671875
2014,Northern Illinois,-0.6,2.1671875
2014,California,-0.6,2.1671875
2014,Western Michigan,-0.8,2.1671875
2014,Air Force,-1.4,2.1671875
2014,Rutgers,-1.5,2.1671875
2014,Louisiana Tech,-1.7,2.1671875
2014,Washington State,-1.7,2.1671875
2014,Syracuse,-2.1,2.1671875
2014,Georgia Southern,-2.4,2.1671875
2014,Western Kentucky,-2.6,2.1671875
2014,Rice,-3.1,2.1671875
2014,UT San Antonio,-3.4,2.1671875
2014,UAB,-4.2,2.1671875
2014,South Alabama,-4.3,2.1671875
2014,Vanderbilt,-4.3,2.1671875
2014,Temple,-4.7,2.1671875
2014,Colorado,-5.0,2.1671875
2014,Central Michigan,-5.2,2.1671875
2014,Bowling Green,-5.4,2.1671875
2014,Purdue,-6.2,2.1671875
2014,Ball State,-6.6,2.1671875
2014,Fresno State,-6.9,2.1671875
2014,Nevada,-7.3,2.1671875
2014,Texas State,-7.4,2.1671875
2014,Buffalo,-7.7,2.1671875
2014,Wake Forest,-7.8,2.1671875
2014,Iowa State,-7.9,2.1671875
2014,Appalachian State,-8.3,2.1671875
2014,Middle Tennessee,-8.7,2.1671875
2014,North Texas,-9.4,2.1671875
2014,Akron,-9.4,2.1671875
2014,Kansas,-9.8,2.1671875
2014,Louisiana Monroe,-10.0,2.1671875
2014,Florida Atlantic,-10.4,2.1671875
2014,San José State,-11.5,2.1671875
2014,Ohio,-11.7,2.1671875
2014,South Florida,-11.8,2.1671875
2014,UTEP,-12.0,2.1671875
2014,Old Dominion,-12.7,2.1671875
2014,Kent State,-13.7,2.1671875
2014,Wyoming,-14.0,2.1671875
2014,Connecticut,-14.1,2.1671875
2014,Hawai'i,-15.0,2.1671875
2014,New Mexico,-15.0,2.1671875
2014,Tulane,-15.0,2.1671875
2014,Tulsa,-15.8,2.1671875
2014,Troy,-15.9,2.1671875
2014,Southern Mississippi,-15.9,2.1671875
2014,Florida International,-16.2,2.1671875
2014,Army,-16.9,2.1671875
2014,UNLV,-17.6,2.1671875
2014,Miami (OH),-18.7,2.1671875
2014,UMass,-20.2,2.1671875
2014,SMU,-21.2,2.1671875
2014,Georgia State,-22.8,2.1671875
2014,New Mexico State,-23.3,2.1671875
2014,Eastern Michigan,-25.9,2.1671875
2015,Ohio State,29.5,2.2265625
2015,Alabama,29.0,2.2265625
2015,Ole Miss,27.0,2.2265625
2015,Clemson,24.0,2.2265625
2015,Florida State,23.2,2.2265625
2015,Stanford,22.8,2.2265625
2015,Oklahoma,22.7,2.2265625
2015,Notre Dame,22.4,2.2265625
2015,North Carolina,20.0,2.2265625
2015,Michigan,19.7,2.2265625
2015,LSU,19.7,2.2265625
2015,Tennessee,19.5,2.2265625
2015,Baylor,19.5,2.2265625
2015,Arkansas,19.2,2.2265625
2015,TCU,19.0,2.2265625
2015,UCLA,18.6,2.2265625
2015,USC,16.8,2.2265625
2015,Georgia,16.8,2.2265625
2015,Oregon,15.9,2.2265625
2015,Michigan State,15.6,2.2265625
2015,Wisconsin,15.1,2.2265625
2015,Mississippi State,15.1,2.2265625
2015,Auburn,14.6,2.2265625
2015,Texas A&M,14.1,2.2265625
2015,Florida,13.8,2.2265625
2015,Louisville,13.2,2.2265625
2015,West Virginia,12.9,2.2265625
2015,Navy,12.1,2.2265625
2015,California,12.1,2.2265625
2015,Boise State,11.8,2.2265625
2015,Virginia Tech,11.4,2.2265625
2015,Penn State,11.3,2.2265625
2015,Pittsburgh,11.1,2.2265625
2015,Nebraska,11.1,2.2265625
2015,Miami,11.0,2.2265625
2015,Utah,11.0,2.2265625
2015,Western Kentucky,10.8,2.2265625
2015,Arizona State,10.2,2.2265625
2015,Oklahoma State,9.9,2.2265625
2015,Washington,9.7,2.2265625
2015,NC State,9.6,2.2265625
2015,Iowa,9.3,2.2265625
2015,Georgia Tech,9.0,2.2265625
2015,BYU,8.7,2.2265625
2015,Louisiana Tech,8.3,2.2265625
2015,Minnesota,8.1,2.2265625
2015,Memphis,8.0,2.2265625
2015,San Diego State,8.0,2.2265625
2015,Appalachian State,7.9,2.2265625
2015,Toledo,7.7,2.2265625
2015,Bowling Green,7.5,2.2265625
2015,Georgia Southern,7.3,2.2265625
2015,Houston,6.2,2.2265625
2015,Temple,6.0,2.2265625
2015,Cincinnati,5.3,2.2265625
2015,Western Michigan,4.9,2.2265625
2015,Arizona,4.7,2.2265625
2015,Boston College,4.7,2.2265625
2015,Air Force,4.7,2.2265625
2015,Texas Tech,4.5,2.2265625
2015,Washington State,4.2,2.2265625
2015,Texas,3.7,2.2265625
2015,South Florida,3.6,2.2265625
2015,Marshall,3.5,2.2265625
2015,Missouri,3.4,2.2265625
2015,South Carolina,3.4,2.2265625
2015,Duke,3.4,2.2265625
2015,Illinois,2.7,2.2265625
2015,Kansas State,2.6,2.2265625
2015,Virginia,1.4,2.2265625
2015,Southern Mississippi,1.4,2.2265625
2015,Colorado State,0.5,2.2265625
2015,Arkansas State,0.5,2.2265625
2015,Indiana,0.4,2.2265625
2015,Northwestern,0.2,2.2265625
2015,Utah State,-0.1,2.2265625
2015,Kentucky,-0.3,2.2265625
2015,Iowa State,-0.3,2.2265625
2015,East Carolina,-0.5,2.2265625
2015,Ohio,-0.5,2.2265625
2015,Akron,-0.8,2.2265625
2015,Northern Illinois,-0.9,2.2265625
2015,Maryland,-1.6,2.2265625
2015,Vanderbilt,-1.6,2.2265625
2015,Central Michigan,-3.1,2.2265625
2015,Syracuse,-3.9,2.2265625
2015,Colorado,-4.0,2.2265625
2015,Wake Forest,-4.5,2.2265625
2015,San José State,-4.5,2.2265625
2015,Middle Tennessee,-4.6,2.2265625
2015,Connecticut,-6.3,2.2265625
2015,Georgia State,-6.7,2.2265625
2015,Troy,-7.0,2.2265625
2015,Nevada,-7.1,2.2265625
2015,Louisiana,-7.1,2.2265625
2015,Purdue,-7.4,2.2265625
2015,Tulsa,-8.5,2.2265625
2015,New Mexico,-8.7,2.2265625
2015,UMass,-9.5,2.2265625
2015,Florida Atlantic,-9.8,2.2265625
2015,Rutgers,-10.1,2.2265625
2015,Oregon State,-10.1,2.2265625
2015,Buffalo,-10.3,2.2265625
2015,South Alabama,-10.4,2.2265625
2015,Kent State,-11.9,2.2265625
2015,Fresno State,-12.6,2.2265625
2015,Miami (OH),-13.5,2.2265625
2015,Tulane,-14.0,2.2265625
2015,Rice,-14.6,2.2265625
2015,Louisiana Monroe,-14.7,2.2265625
2015,Old Dominion,-14.8,2.2265625
2015,Ball State,-15.5,2.2265625
2015,UCF,-15.5,2.2265625
2015,Texas State,-15.5,2.2265625
2015,UNLV,-16.2,2.2265625
2015,Hawai'i,-16.3,2.2265625
2015,Florida International,-16.6,2.2265625
2015,Wyoming,-16.7,2.2265625
2015,SMU,-17.5,2.2265625
2015,UT San Antonio,-17.7,2.2265625
2015,New Mexico State,-18.6,2.2265625
2015,UTEP,-19.5,2.2265625
2015,Eastern Michigan,-19.7,2.2265625
2015,Kansas,-21.3,2.2265625
2015,Charlotte,-21.7,2.2265625
2015,Army,-21.7,2.2265625
2015,North Texas,-25.0,2.2265625
2016,Alabama,31.7,1.946875
2016,Clemson,28.7,1.946875
2016,Washington,26.7,1.946875
2016,Oklahoma,26.1,1.946875
2016,LSU,25.3,1.946875
2016,Michigan,24.4,1.946875
2016,Florida State,24.0,1.946875
2016,USC,23.6,1.946875
2016,Louisville,22.9,1.946875
2016,Ohio State,22.4,1.946875
2016,Penn State,19.0,1.946875
2016,Miami,18.6,1.946875
2016,Oklahoma State,16.4,1.946875
2016,Stanford,16.4,1.946875
2016,Tennessee,16.3,1.946875
2016,Wisconsin,16.1,1.946875
2016,North Carolina,15.9,1.946875
2016,Notre Dame,15.7,1.946875
2016,Western Kentucky,15.5,1.946875
2016,Florida,15.4,1.946875
2016,Auburn,15.3,1.946875
2016,Virginia Tech,15.2,1.946875
2016,Pittsburgh,13.1,1.946875
2016,Minnesota,12.6,1.946875
2016,Ole Miss,12.4,1.946875
2016,Toledo,12.3,1.946875
2016,Texas A&M,12.0,1.946875
2016,Temple,11.9,1.946875
2016,Western Michigan,11.5,1.946875
2016,Boise State,11.5,1.946875
2016,San Diego State,11.4,1.946875
2016,West Virginia,11.3,1.946875
2016,Baylor,11.3,1.946875
2016,TCU,11.0,1.946875
2016,Utah,10.9,1.946875
2016,Texas,10.6,1.946875
2016,Iowa,10.3,1.946875
2016,Nebraska,10.3,1.946875
2016,Houston,10.1,1.946875
2016,South Florida,9.8,1.946875
2016,NC State,9.4,1.946875
2016,Georgia,9.3,1.946875
2016,Appalachian State,9.2,1.946875
2016,UCLA,9.1,1.946875
2016,Kansas State,8.2,1.946875
2016,BYU,8.0,1.946875
2016,Arkansas,7.9,1.946875
2016,Georgia Tech,7.8,1.946875
2016,Memphis,7.7,1.946875
2016,Michigan State,7.4,1.946875
2016,Tulsa,7.4,1.946875
2016,Navy,6.8,1.946875
2016,Colorado,6.3,1.946875
2016,Washington State,6.2,1.946875
2016,Oregon,6.1,1.946875
2016,Mississippi State,5.4,1.946875
2016,Indiana,4.6,1.946875
2016,Air Force,4.4,1.946875
2016,Texas Tech,3.7,1.946875
2016,Louisiana Tech,3.1,1.946875
2016,Northwestern,2.9,1.946875
2016,California,2.4,1.946875
2016,Troy,1.1,1.946875
2016,Colorado State,0.8,1.946875
2016,Southern Mississippi,0.7,1.946875
2016,Iowa State,0.7,1.946875
2016,Maryland,-0.6,1.946875
2016,Wake Forest,-0.6,1.946875
2016,Old Dominion,-0.7,1.946875
2016,Missouri,-1.0,1.946875
2016,Arkansas State,-1.2,1.946875
2016,Vanderbilt,-1.2,1.946875
2016,Boston College,-1.6,1.946875
2016,Middle Tennessee,-1.9,1.946875
2016,Ohio,-2.1,1.946875
2016,UCF,-2.2,1.946875
2016,Northern Illinois,-2.4,1.946875
2016,Kentucky,-2.6,1.946875
2016,Syracuse,-2.7,1.946875
2016,Duke,-2.8,1.946875
2016,Arizona State,-3.0,1.946875
2016,Cincinnati,-3.6,1.946875
2016,Virginia,-3.8,1.946875
2016,Georgia Southern,-3.9,1.946875
2016,South Carolina,-4.0,1.946875
2016,Utah State,-4.4,1.946875
2016,Arizona,-4.5,1.946875
2016,Oregon State,-4.6,1.946875
2016,New Mexico,-5.1,1.946875
2016,Akron,-5.6,1.946875
2016,Central Michigan,-6.1,1.946875
2016,Miami (OH),-6.1,1.946875
2016,Bowling Green,-6.6,1.946875
2016,Illinois,-6.7,1.946875
2016,Wyoming,-6.9,1.946875
2016,Ball State,-7.0,1.946875
2016,Eastern Michigan,-8.2,1.946875
2016,Louisiana,-8.7,1.946875
2016,East Carolina,-9.0,1.946875
2016,South Alabama,-9.4,1.946875
2016,Army,-9.9,1.946875
2016,Hawai'i,-10.1,1.946875
2016,SMU,-10.8,1.946875
2016,Purdue,-11.0,1.946875
2016,UT San Antonio,-11.2,1.946875
2016,Connecticut,-11.6,1.946875
2016,Kent State,-12.0,1.946875
2016,Georgia State,-12.1,1.946875
2016,Marshall,-12.7,1.946875
2016,Nevada,-13.0,1.946875
2016,San José State,-13.6,1.946875
2016,Florida Atlantic,-14.1,1.946875
2016,UNLV,-14.3,1.946875
2016,North Texas,-14.6,1.946875
2016,Tulane,-14.6,1.946875
2016,Rutgers,-14.9,1.946875
2016,UMass,-15.3,1.946875
2016,Kansas,-15.9,1.946875
2016,UTEP,-16.1,1.946875
2016,Rice,-16.5,1.946875
2016,Fresno State,-16.9,1.946875
2016,New Mexico State,-17.2,1.946875
2016,Buffalo,-18.8,1.946875
2016,Florida International,-19.0,1.946875
2016,Charlotte,-20.9,1.946875
2016,Louisiana Monroe,-21.3,1.946875
2016,Texas State,-25.5,1.946875
2017,Alabama,33.5,1.66953125
2017,Ohio State,30.9,1.66953125
2017,Wisconsin,26.8,1.66953125
2017,Georgia,26.7,1.66953125
2017,Clemson,26.4,1.66953125
2017,Penn State,26.0,1.66953125
2017,Oklahoma,25.5,1.66953125
2017,Auburn,24.7,1.66953125
2017,Florida State,22.8,1.66953125
2017,Washington,22.1,1.66953125
2017,LSU,21.1,1.66953125
2017,Notre Dame,20.8,1.66953125
2017,Michigan,19.6,1.66953125
2017,Louisville,19.2,1.66953125
2017,Oklahoma State,19.1,1.66953125
2017,TCU,18.9,1.66953125
2017,USC,17.9,1.66953125
2017,Miami,17.4,1.66953125
2017,Mississippi State,16.0,1.66953125
2017,Stanford,15.8,1.66953125
2017,Virginia Tech,14.3,1.66953125
2017,UCF,14.1,1.66953125
2017,Michigan State,13.8,1.66953125
2017,NC State,12.9,1.66953125
2017,Utah,12.0,1.66953125
2017,Ole Miss,11.6,1.66953125
2017,Northwestern,11.2,1.66953125
2017,Missouri,11.1,1.66953125
2017,Kansas State,10.9,1.66953125
2017,Texas,10.6,1.66953125
2017,Wake Forest,10.5,1.66953125
2017,Indiana,10.2,1.66953125
2017,South Florida,10.2,1.66953125
2017,Florida,10.1,1.66953125
2017,Iowa,9.8,1.66953125
2017,Texas A&M,9.4,1.66953125
2017,Boise State,9.1,1.66953125
2017,Oregon,9.1,1.66953125
2017,Georgia Tech,8.9,1.66953125
2017,Washington State,8.6,1.66953125
2017,South Carolina,7.8,1.66953125
2017,Memphis,7.8,1.66953125
2017,Houston,7.7,1.66953125
2017,Iowa State,7.5,1.66953125
2017,Toledo,6.6,1.66953125
2017,Duke,6.1,1.66953125
2017,Pittsburgh,6.0,1.66953125
2017,Purdue,5.8,1.66953125
2017,West Virginia,5.6,1.66953125
2017,Florida Atlantic,5.1,1.66953125
2017,UCLA,4.9,1.66953125
2017,Texas Tech,4.8,1.66953125
2017,Boston College,4.6,1.66953125
2017,San Diego State,4.5,1.66953125
2017,North Carolina,4.3,1.66953125
2017,Syracuse,4.0,1.66953125
2017,Colorado State,3.9,1.66953125
2017,Appalachian State,3.8,1.66953125
2017,Arizona,3.7,1.66953125
2017,Ohio,3.3,1.66953125
2017,Kentucky,2.7,1.66953125
2017,Nebraska,2.5,1.66953125
2017,Arkansas,2.1,1.66953125
2017,Colorado,2.0,1.66953125
2017,Troy,1.6,1.66953125
2017,Arkansas State,1.5,1.66953125
2017,Tennessee,1.2,1.66953125
2017,Arizona State,1.0,1.66953125
2017,Virginia,0.8,1.66953125
2017,Vanderbilt,0.6,1.66953125
2017,Temple,0.5,1.66953125
2017,Minnesota,0.4,1.66953125
2017,Navy,-0.7,1.66953125
2017,California,-1.0,1.66953125
2017,Northern Illinois,-1.4,1.66953125
2017,Baylor,-1.4,1.66953125
2017,Miami (OH),-2.2,1.66953125
2017,Western Michigan,-2.4,1.66953125
2017,Wyoming,-2.5,1.66953125
2017,UT San Antonio,-2.5,1.66953125
2017,Fresno State,-2.7,1.66953125
2017,SMU,-2.9,1.66953125
2017,Utah State,-3.3,1.66953125
2017,Southern Mississippi,-3.4,1.66953125
2017,North Texas,-4.5,1.66953125
2017,Marshall,-4.5,1.66953125
2017,Maryland,-4.5,1.66953125
2017,Middle Tennessee,-4.9,1.66953125
2017,Western Kentucky,-4.9,1.66953125
2017,Eastern Michigan,-5.3,1.66953125
2017,Army,-5.3,1.66953125
2017,Rutgers,-5.5,1.66953125
2017,Louisiana Tech,-5.5,1.66953125
2017,Tulane,-5.7,1.66953125
2017,Cincinnati,-6.4,1.66953125
2017,BYU,-7.4,1.66953125
2017,Illinois,-7.4,1.66953125
2017,Central Michigan,-8.6,1.66953125
2017,New Mexico State,-9.4,1.66953125
2017,UMass,-9.7,1.66953125
2017,Bowling Green,-10.0,1.66953125
2017,Florida International,-10.4,1.66953125
2017,Tulsa,-10.7,1.66953125
2017,Air Force,-11.0,1.66953125
2017,Buffalo,-11.2,1.66953125
2017,South Alabama,-12.0,1.66953125
2017,New Mexico,-12.4,1.66953125
2017,Oregon State,-12.6,1.66953125
2017,Louisiana Monroe,-12.9,1.66953125
2017,Georgia State,-14.0,1.66953125
2017,East Carolina,-14.0,1.66953125
2017,UNLV,-14.5,1.66953125
2017,Kansas,-14.8,1.66953125
2017,Georgia Southern,-15.8,1.66953125
2017,Louisiana,-15.8,1.66953125
2017,Nevada,-16.4,1.66953125
2017,Old Dominion,-16.8,1.66953125
2017,Akron,-17.6,1.66953125
2017,Connecticut,-19.2,1.66953125
2017,Ball State,-19.7,1.66953125
2017,Hawai'i,-19.7,1.66953125
2017,San José State,-20.0,1.66953125
2017,Kent State,-20.2,1.66953125
2017,Texas State,-23.5,1.66953125
2017,Rice,-23.6,1.66953125
2017,Charlotte,-26.1,1.66953125
2017,UTEP,-27.4,1.66953125
2018,Alabama,36.3,1.4430769230769231
2018,Georgia,32.9,1.4430769230769231
2018,Clemson,29.7,1.4430769230769231
2018,Oklahoma,24.9,1.4430769230769231
2018,LSU,24.2,1.4430769230769231
2018,Ohio State,24.1,1.4430769230769231
2018,Auburn,23.6,1.4430769230769231
2018,Mississippi State,23.2,1.4430769230769231
2018,Florida,23.0,1.4430769230769231
2018,Michigan,22.0,1.4430769230769231
2018,Texas A&M,21.6,1.4430769230769231
2018,Missouri,20.8,1.4430769230769231
2018,Notre Dame,20.7,1.4430769230769231
2018,Washington,19.9,1.4430769230769231
2018,Penn State,19.0,1.4430769230769231
2018,Fresno State,17.4,1.4430769230769231
2018,Utah,16.8,1.4430769230769231
2018,UCF,16.5,1.4430769230769231
2018,Wisconsin,15.5,1.4430769230769231
2018,South Carolina,14.9,1.4430769230769231
2018,Utah State,14.2,1.4430769230769231
2018,Oklahoma State,13.8,1.4430769230769231
2018,Iowa,13.3,1.4430769230769231
2018,West Virginia,13.2,1.4430769230769231
2018,Kentucky,13.1,1.4430769230769231
2018,Stanford,13.0,1.4430769230769231
2018,Miami,12.7,1.4430769230769231
2018,Boise State,12.2,1.4430769230769231
2018,Appalachian State,11.9,1.4430769230769231
2018,Michigan State,11.5,1.4430769230769231
2018,Washington State,11.3,1.4430769230769231
2018,Texas,11.3,1.4430769230769231
2018,Ole Miss,9.8,1.4430769230769231
2018,USC,9.7,1.4430769230769231
2018,NC State,9.4,1.4430769230769231
2018,Memphis,9.2,1.4430769230769231
2018,Texas Tech,8.7,1.4430769230769231
2018,Iowa State,7.9,1.4430769230769231
2018,Vanderbilt,7.6,1.4430769230769231
2018,Syracuse,7.5,1.4430769230769231
2018,Oregon,7.3,1.4430769230769231
2018,Virginia,7.1,1.4430769230769231
2018,TCU,6.9,1.4430769230769231
2018,Purdue,6.5,1.4430769230769231
2018,Minnesota,6.3,1.4430769230769231
2018,BYU,6.2,1.4430769230769231
2018,San Diego State,6.0,1.4430769230769231
2018,Tennessee,5.5,1.4430769230769231
2018,Cincinnati,5.4,1.4430769230769231
2018,Nebraska,5.4,1.4430769230769231
2018,Duke,5.0,1.4430769230769231
2018,Arizona State,5.0,1.4430769230769231
2018,Arkansas,4.5,1.4430769230769231
2018,Ohio,4.0,1.4430769230769231
2018,California,3.9,1.4430769230769231
2018,Virginia Tech,3.9,1.4430769230769231
2018,Wake Forest,3.6,1.4430769230769231
2018,Arizona,3.6,1.4430769230769231
2018,Maryland,3.0,1.4430769230769231
2018,Temple,2.9,1.4430769230769231
2018,Pittsburgh,2.7,1.4430769230769231
2018,Troy,2.6,1.4430769230769231
2018,Boston College,2.4,1.4430769230769231
2018,Houston,2.3,1.4430769230769231
2018,North Texas,2.1,1.4430769230769231
2018,Toledo,2.0,1.4430769230769231
2018,Baylor,2.0,1.4430769230769231
2018,Northwestern,1.9,1.4430769230769231
2018,Wyoming,1.9,1.4430769230769231
2018,Indiana,1.6,1.4430769230769231
2018,Florida State,1.4,1.4430769230769231
2018,Arkansas State,1.2,1.4430769230769231
2018,Marshall,1.0,1.4430769230769231
2018,Georgia Tech,0.3,1.4430769230769231
2018,UAB,-0.3,1.4430769230769231
2018,UCLA,-0.4,1.4430769230769231
2018,Nevada,-0.5,1.4430769230769231
2018,Kansas State,-0.5,1.4430769230769231
2018,Colorado,-0.7,1.4430769230769231
2018,Miami (OH),-0.7,1.4430769230769231
2018,Florida Atlantic,-0.8,1.4430769230769231
2018,Buffalo,-1.1,1.4430769230769231
2018,South Florida,-1.2,1.4430769230769231
2018,Army,-1.5,1.4430769230769231
2018,Air Force,-1.8,1.4430769230769231
2018,Eastern Michigan,-2.0,1.4430769230769231
2018,Georgia Southern,-2.4,1.4430769230769231
2018,North Carolina,-2.5,1.4430769230769231
2018,Northern Illinois,-2.7,1.4430769230769231
2018,Tulane,-3.5,1.4430769230769231
2018,Middle Tennessee,-3.8,1.4430769230769231
2018,Southern Mississippi,-5.0,1.4430769230769231
2018,SMU,-5.4,1.4430769230769231
2018,Louisiana Tech,-6.9,1.4430769230769231
2018,Louisiana,-6.9,1.4430769230769231
2018,Florida International,-7.4,1.4430769230769231
2018,Illinois,-7.9,1.4430769230769231
2018,Louisville,-9.1,1.4430769230769231
2018,New Mexico,-9.5,1.4430769230769231
2018,Kansas,-10.0,1.4430769230769231
2018,Navy,-10.2,1.4430769230769231
2018,Colorado State,-10.3,1.4430769230769231
2018,Hawai'i,-10.4,1.4430769230769231
2018,Western Michigan,-10.7,1.4430769230769231
2018,Louisiana Monroe,-10.9,1.4430769230769231
2018,UNLV,-11.1,1.4430769230769231
2018,Tulsa,-11.2,1.4430769230769231
2018,Rutgers,-12.3,1.4430769230769231
2018,Old Dominion,-14.1,1.4430769230769231
2018,East Carolina,-14.9,1.4430769230769231
2018,Oregon State,-16.0,1.4430769230769231
2018,Western Kentucky,-16.1,1.4430769230769231
2018,UMass,-16.1,1.4430769230769231
2018,Texas State,-16.4,1.4430769230769231
2018,San José State,-17.1,1.4430769230769231
2018,Coastal Carolina,-17.2,1.4430769230769231
2018,South Alabama,-17.7,1.4430769230769231
2018,Charlotte,-18.5,1.4430769230769231
2018,Ball State,-18.9,1.4430769230769231
2018,Akron,-19.3,1.4430769230769231
2018,Liberty,-19.7,1.4430769230769231
2018,Central Michigan,-20.0,1.4430769230769231
2018,New Mexico State,-20.2,1.4430769230769231
2018,Georgia State,-20.4,1.4430769230769231
2018,Kent State,-20.4,1.4430769230769231
2018,Bowling Green,-22.0,1.4430769230769231
2018,UT San Antonio,-22.1,1.4430769230769231
2018,Connecticut,-26.4,1.4430769230769231
2018,Rice,-26.4,1.4430769230769231
2018,UTEP,-26.6,1.4430769230769231
2019,Ohio State,35.4,0.7908396946564885
2019,Alabama,32.6,0.7908396946564885
2019,LSU,31.8,0.7908396946564885
2019,Clemson,29.3,0.7908396946564885
2019,Georgia,26.2,0.7908396946564885
2019,Oklahoma,25.8,0.7908396946564885
2019,Florida,23.9,0.7908396946564885
2019,Penn State,23.6,0.7908396946564885
2019,Utah,21.9,0.7908396946564885
2019,Auburn,21.8,0.7908396946564885
2019,Michigan,21.4,0.7908396946564885
2019,Wisconsin,21.4,0.7908396946564885
2019,Memphis,19.3,0.7908396946564885
2019,UCF,18.7,0.7908396946564885
2019,Baylor,18.4,0.7908396946564885
2019,Oregon,18.3,0.7908396946564885
2019,Washington,18.1,0.7908396946564885
2019,Minnesota,17.5,0.7908396946564885
2019,Notre Dame,17.2,0.7908396946564885
2019,Iowa,15.9,0.7908396946564885
2019,Texas A&M,15.3,0.7908396946564885
2019,USC,14.4,0.7908396946564885
2019,Iowa State,13.6,0.7908396946564885
2019,Indiana,13.5,0.7908396946564885
2019,Washington State,11.4,0.7908396946564885
2019,Miami,11.2,0.7908396946564885
2019,Air Force,11.2,0.7908396946564885
2019,Appalachian State,10.8,0.7908396946564885
2019,Texas,10.7,0.7908396946564885
2019,Oklahoma State,10.0,0.7908396946564885
2019,Boise State,9.8,0.7908396946564885
2019,Tennessee,9.5,0.7908396946564885
2019,Louisiana,8.9,0.7908396946564885
2019,Navy,8.7,0.7908396946564885
2019,Cincinnati,8.4,0.7908396946564885
2019,Missouri,8.2,0.7908396946564885
2019,Kentucky,7.9,0.7908396946564885
2019,TCU,7.7,0.7908396946564885
2019,North Carolina,7.7,0.7908396946564885
2019,Virginia Tech,7.3,0.7908396946564885
2019,Arizona State,7.0,0.7908396946564885
2019,Michigan State,6.9,0.7908396946564885
2019,Temple,6.8,0.7908396946564885
2019,Tulane,6.6,0.7908396946564885
2019,Virginia,6.5,0.7908396946564885
2019,SMU,6.0,0.7908396946564885
2019,Kansas State,5.9,0.7908396946564885
2019,South Carolina,5.4,0.7908396946564885
2019,Mississippi State,5.1,0.7908396946564885
2019,Texas Tech,3.5,0.7908396946564885
2019,Nebraska,2.9,0.7908396946564885
2019,Ole Miss,2.8,0.7908396946564885
2019,Ohio,2.5,0.7908396946564885
2019,Wake Forest,2.5,0.7908396946564885
2019,Pittsburgh,2.3,0.7908396946564885
2019,Florida State,2.2,0.7908396946564885
2019,BYU,1.4,0.7908396946564885
2019,Illinois,1.0,0.7908396946564885
2019,Purdue,0.4,0.7908396946564885
2019,San Diego State,-0.2,0.7908396946564885
2019,Western Kentucky,-0.4,0.7908396946564885
2019,Louisville,-0.4,0.7908396946564885
2019,Florida Atlantic,-0.6,0.7908396946564885
2019,Army,-0.8,0.7908396946564885
2019,Oregon State,-1.3,0.7908396946564885
2019,Duke,-1.4,0.7908396946564885
2019,Louisiana Tech,-1.7,0.7908396946564885
2019,Wyoming,-1.8,0.7908396946564885
2019,Marshall,-2.2,0.7908396946564885
2019,Syracuse,-2.4,0.7908396946564885
2019,Arkansas State,-2.9,0.7908396946564885
2019,Colorado,-3.0,0.7908396946564885
2019,Stanford,-3.1,0.7908396946564885
2019,Hawai'i,-3.1,0.7908396946564885
2019,Houston,-3.2,0.7908396946564885
2019,Tulsa,-3.3,0.7908396946564885
2019,UAB,-3.3,0.7908396946564885
2019,California,-3.3,0.7908396946564885
2019,Utah State,-3.4,0.7908396946564885
2019,UCLA,-3.6,0.7908396946564885
2019,Fresno State,-3.7,0.7908396946564885
2019,Boston College,-3.9,0.7908396946564885
2019,Buffalo,-4.2,0.7908396946564885
2019,Southern Mississippi,-4.2,0.7908396946564885
2019,Western Michigan,-4.3,0.7908396946564885
2019,Northwestern,-4.4,0.7908396946564885
2019,Liberty,-4.4,0.7908396946564885
2019,Central Michigan,-4.4,0.7908396946564885
2019,Troy,-4.6,0.7908396946564885
2019,Georgia Southern,-4.6,0.7908396946564885
2019,Colorado State,-5.1,0.7908396946564885
2019,NC State,-5.3,0.7908396946564885
2019,Ball State,-5.6,0.7908396946564885
2019,West Virginia,-5.8,0.7908396946564885
2019,North Texas,-5.9,0.7908396946564885
2019,Maryland,-5.9,0.7908396946564885
2019,Arizona,-6.0,0.7908396946564885
2019,Charlotte,-6.3,0.7908396946564885
2019,Florida International,-7.1,0.7908396946564885
2019,San José State,-8.3,0.7908396946564885
2019,Eastern Michigan,-8.9,0.7908396946564885
2019,South Florida,-9.1,0.7908396946564885
2019,Vanderbilt,-9.6,0.7908396946564885
2019,Arkansas,-9.7,0.7908396946564885
2019,Kansas,-10.0,0.7908396946564885
2019,Miami (OH),-10.3,0.7908396946564885
2019,Louisiana Monroe,-10.7,0.7908396946564885
2019,Georgia State,-10.9,0.7908396946564885
2019,Georgia Tech,-11.1,0.7908396946564885
2019,Middle Tennessee,-11.4,0.7908396946564885
2019,Kent State,-11.6,0.7908396946564885
2019,Nevada,-12.4,0.7908396946564885
2019,Coastal Carolina,-12.9,0.7908396946564885
2019,Toledo,-13.4,0.7908396946564885
2019,Northern Illinois,-13.5,0.7908396946564885
2019,East Carolina,-13.8,0.7908396946564885
2019,Rutgers,-14.3,0.7908396946564885
2019,Texas State,-14.9,0.7908396946564885
2019,New Mexico,-17.5,0.7908396946564885
2019,UNLV,-17.8,0.7908396946564885
2019,Rice,-18.6,0.7908396946564885
2019,South Alabama,-20.9,0.7908396946564885
2019,New Mexico State,-21.0,0.7908396946564885
2019,Old Dominion,-24.0,0.7908396946564885
2019,UT San Antonio,-24.1,0.7908396946564885
2019,Connecticut,-25.0,0.7908396946564885
2019,UTEP,-26.2,0.7908396946564885
2019,Bowling Green,-28.2,0.7908396946564885
2019,Akron,-29.9,0.7908396946564885
2019,UMass,-33.7,0.7908396946564885
